,slice_id,slice_throughput,active_user_count
0,1,203.9322033898305,1
1,2,26.169491525423727,1
